{"title":"Reflection on the use of GenAI","markdown":{"yaml":{"title":"Reflection on the use of GenAI","format":"html"},"headingText":"Example 1","containsRefs":false,"markdown":"\n\nI have chosen to use **ChatGPT** due to its popularity and familiarity in using it to assist in past assignments. Additionally, **Github Copilot** is constantly active on RStudio and I take full advantage of its suggestions to help to complete code faster and more efficiently. \n\nAlthough I did not use it explicitly for this assignment, I used it a fair bit for helping to complete the previous exercises during the lecture, namely for assisting in debugging or formatting issues. \n\n\n::: {.columns}\n::: {.column width=\"70%\"}\n![](imgs/gpt_example1.png){.img-gpt}\n:::\n::: {.column width=\"30%\"}\nUsing ChatGPT to help with cleaning and formatting of styling.\n:::\n:::\n\n\n### Example 2\n::: {.columns}\n::: {.column width=\"70%\"}\n![](imgs/gpt_example2.png){.img-gpt}\n:::\n::: {.column width=\"30%\"}\nUsing ChatGPT to help with opening a hyperlink in a new tab.\n:::\n:::\n\n\n\nThe benefit of using these GenAI tools is helping to code faster due to the automatic suggestions by Copilot as well as the ability for ChatGPT to assist with debugging and formatting issues.\n\n\\\n\nOne of the challenges I faced using ChatGPT was its tendancy to attempt to use html formatting for helping to solve the issues that I was having rather than Quarto. As such, I had to specify that I wanted solutions in Quarto in order for it to provide the correct code.\n\n\\\n\nI believe that going forward, the use of such GenAI tools will be beneficial to me in the long term as I will be able to use them effectively to both learn and produce more efficient code. \n\n","srcMarkdownNoYaml":"\n\nI have chosen to use **ChatGPT** due to its popularity and familiarity in using it to assist in past assignments. Additionally, **Github Copilot** is constantly active on RStudio and I take full advantage of its suggestions to help to complete code faster and more efficiently. \n\nAlthough I did not use it explicitly for this assignment, I used it a fair bit for helping to complete the previous exercises during the lecture, namely for assisting in debugging or formatting issues. \n\n### Example 1\n\n::: {.columns}\n::: {.column width=\"70%\"}\n![](imgs/gpt_example1.png){.img-gpt}\n:::\n::: {.column width=\"30%\"}\nUsing ChatGPT to help with cleaning and formatting of styling.\n:::\n:::\n\n\n### Example 2\n::: {.columns}\n::: {.column width=\"70%\"}\n![](imgs/gpt_example2.png){.img-gpt}\n:::\n::: {.column width=\"30%\"}\nUsing ChatGPT to help with opening a hyperlink in a new tab.\n:::\n:::\n\n\n\nThe benefit of using these GenAI tools is helping to code faster due to the automatic suggestions by Copilot as well as the ability for ChatGPT to assist with debugging and formatting issues.\n\n\\\n\nOne of the challenges I faced using ChatGPT was its tendancy to attempt to use html formatting for helping to solve the issues that I was having rather than Quarto. As such, I had to specify that I wanted solutions in Quarto in order for it to provide the correct code.\n\n\\\n\nI believe that going forward, the use of such GenAI tools will be beneficial to me in the long term as I will be able to use them effectively to both learn and produce more efficient code. \n\n"},"formats":{"html":{"identifier":{"display-name":"HTML","target-format":"html","base-format":"html"},"execute":{"fig-width":7,"fig-height":5,"fig-format":"retina","fig-dpi":96,"df-print":"default","error":false,"eval":true,"cache":null,"freeze":false,"echo":true,"output":true,"warning":true,"include":true,"keep-md":false,"keep-ipynb":false,"ipynb":null,"enabled":null,"daemon":null,"daemon-restart":false,"debug":false,"ipynb-filters":[],"ipynb-shell-interactivity":null,"plotly-connected":true,"engine":"markdown"},"render":{"keep-tex":false,"keep-typ":false,"keep-source":false,"keep-hidden":false,"prefer-html":false,"output-divs":true,"output-ext":"html","fig-align":"default","fig-pos":null,"fig-env":null,"code-fold":"none","code-overflow":"scroll","code-link":false,"code-line-numbers":false,"code-tools":false,"tbl-colwidths":"auto","merge-includes":true,"inline-includes":false,"preserve-yaml":false,"latex-auto-mk":true,"latex-auto-install":true,"latex-clean":true,"latex-min-runs":1,"latex-max-runs":10,"latex-makeindex":"makeindex","latex-makeindex-opts":[],"latex-tlmgr-opts":[],"latex-input-paths":[],"latex-output-dir":null,"link-external-icon":false,"link-external-newwindow":false,"self-contained-math":false,"format-resources":[],"notebook-links":true},"pandoc":{"standalone":true,"wrap":"none","default-image-extension":"png","to":"html","css":["styles.css"],"toc":true,"toc-depth":3,"output-file":"Reflection.html"},"language":{"toc-title-document":"Table of contents","toc-title-website":"On this page","related-formats-title":"Other Formats","related-notebooks-title":"Notebooks","source-notebooks-prefix":"Source","other-links-title":"Other Links","code-links-title":"Code Links","launch-dev-container-title":"Launch Dev Container","launch-binder-title":"Launch Binder","article-notebook-label":"Article Notebook","notebook-preview-download":"Download Notebook","notebook-preview-download-src":"Download Source","notebook-preview-back":"Back to Article","manuscript-meca-bundle":"MECA Bundle","section-title-abstract":"Abstract","section-title-appendices":"Appendices","section-title-footnotes":"Footnotes","section-title-references":"References","section-title-reuse":"Reuse","section-title-copyright":"Copyright","section-title-citation":"Citation","appendix-attribution-cite-as":"For attribution, please cite this work as:","appendix-attribution-bibtex":"BibTeX citation:","appendix-view-license":"View License","title-block-author-single":"Author","title-block-author-plural":"Authors","title-block-affiliation-single":"Affiliation","title-block-affiliation-plural":"Affiliations","title-block-published":"Published","title-block-modified":"Modified","title-block-keywords":"Keywords","callout-tip-title":"Tip","callout-note-title":"Note","callout-warning-title":"Warning","callout-important-title":"Important","callout-caution-title":"Caution","code-summary":"Code","code-tools-menu-caption":"Code","code-tools-show-all-code":"Show All Code","code-tools-hide-all-code":"Hide All Code","code-tools-view-source":"View Source","code-tools-source-code":"Source Code","tools-share":"Share","tools-download":"Download","code-line":"Line","code-lines":"Lines","copy-button-tooltip":"Copy to Clipboard","copy-button-tooltip-success":"Copied!","repo-action-links-edit":"Edit this page","repo-action-links-source":"View source","repo-action-links-issue":"Report an issue","back-to-top":"Back to top","search-no-results-text":"No results","search-matching-documents-text":"matching documents","search-copy-link-title":"Copy link to search","search-hide-matches-text":"Hide additional matches","search-more-match-text":"more match in this document","search-more-matches-text":"more matches in this document","search-clear-button-title":"Clear","search-text-placeholder":"","search-detached-cancel-button-title":"Cancel","search-submit-button-title":"Submit","search-label":"Search","toggle-section":"Toggle section","toggle-sidebar":"Toggle sidebar navigation","toggle-dark-mode":"Toggle dark mode","toggle-reader-mode":"Toggle reader mode","toggle-navigation":"Toggle navigation","crossref-fig-title":"Figure","crossref-tbl-title":"Table","crossref-lst-title":"Listing","crossref-thm-title":"Theorem","crossref-lem-title":"Lemma","crossref-cor-title":"Corollary","crossref-prp-title":"Proposition","crossref-cnj-title":"Conjecture","crossref-def-title":"Definition","crossref-exm-title":"Example","crossref-exr-title":"Exercise","crossref-ch-prefix":"Chapter","crossref-apx-prefix":"Appendix","crossref-sec-prefix":"Section","crossref-eq-prefix":"Equation","crossref-lof-title":"List of Figures","crossref-lot-title":"List of Tables","crossref-lol-title":"List of Listings","environment-proof-title":"Proof","environment-remark-title":"Remark","environment-solution-title":"Solution","listing-page-order-by":"Order By","listing-page-order-by-default":"Default","listing-page-order-by-date-asc":"Oldest","listing-page-order-by-date-desc":"Newest","listing-page-order-by-number-desc":"High to Low","listing-page-order-by-number-asc":"Low to High","listing-page-field-date":"Date","listing-page-field-title":"Title","listing-page-field-description":"Description","listing-page-field-author":"Author","listing-page-field-filename":"File Name","listing-page-field-filemodified":"Modified","listing-page-field-subtitle":"Subtitle","listing-page-field-readingtime":"Reading Time","listing-page-field-wordcount":"Word Count","listing-page-field-categories":"Categories","listing-page-minutes-compact":"{0} min","listing-page-category-all":"All","listing-page-no-matches":"No matching items","listing-page-words":"{0} words","listing-page-filter":"Filter","draft":"Draft"},"metadata":{"lang":"en","fig-responsive":true,"quarto-version":"1.7.30","theme":"darkly","toc-location":"left","title":"Reflection on the use of GenAI"},"extensions":{"book":{"multiFile":true}}}},"projectFormats":["html"]}