{
  "hash": "f39005e5888270d8c8473b421c21372a",
  "result": {
    "engine": "knitr",
    "markdown": "---\ntitle: \"temp_website\"\n---\n\nMy name is Chew Tze Han, I am currently studying in Singapore Institute of Technology(SIT) in year 1 trimester 3, pursuing a degree in Applied Artificial Intelligence\n\n\n\n::: {.cell}\n\n```{.r .cell-code}\n1 + 1\n```\n\n::: {.cell-output .cell-output-stdout}\n\n```\n[1] 2\n```\n\n\n:::\n:::\n\n",
    "supporting": [],
    "filters": [
      "rmarkdown/pagebreak.lua"
    ],
    "includes": {},
    "engineDependencies": {},
    "preserve": {},
    "postProcess": true
  }
}